TLD,Country/Type,Min. Term Year(s),Price,Renewal,Transfer,Restore
.abogado,New,1,$98.90 ,$208.49 ,$0.00 ,$60.00 
.ac,Ascension Island,1,$55.90 ,$94.99 ,$0.00 ,$0.00 
.ac.im,Isle of Man,1,$50.90 ,$56.99 ,$0.00 ,$0.00 
.ac.nz,New Zealand,1,$20.99 ,$23.99 ,$0.00 ,$3.90 
.academy,New,1,$44.99 ,$38.49 ,$0.00 ,$50.00 
.accountant,New,1,$27.99 ,$25.99 ,$5.00 ,$60.00 
.accountants,New,1,$158.99 ,$178.49 ,$0.00 ,$50.00 
.actor,New,1,$59.99 ,$67.49 ,$0.00 ,$50.00 
.adult,New,1,$116.49 ,$114.49 ,$0.00 ,$60.00 
.adultblock,New,1,$429.00 ,$481.49 ,$0.00 ,$0.00 
.adultblockplus,New,1,"$1,074.00 ","$1,204.49 ",$0.00 ,$0.00 
.ae,United Arab Emirates,1,$34.99 ,$41.49 ,$0.00 ,$0.00 
.ae.org,United Arab Emirates,1,$27.99 ,$28.99 ,$0.00 ,$0.00 
.africa,Africa,1,$22.99 ,$21.99 ,$0.00 ,$40.00 
.africa.com,Africa,1,$39.99 ,$44.49 ,$17.50 ,$25.00 
.ag,Antigua and Barbuda,1,$169.00 ,$189.99 ,$0.00 ,$180.00 
.agency,New,1,$33.99 ,$47.49 ,$0.00 ,$50.00 
.ai,Anguilla,2,$239.98 ,$239.98 ,$0.00 ,$150.00 
.am,Armenia,1,$64.90 ,$73.49 ,$57.50 ,$72.50 
.amsterdam,New,1,$55.90 ,$62.99 ,$0.00 ,$127.30 
.apartments,New,1,$78.90 ,$88.49 ,$0.00 ,$50.00 
.app,New,1,$25.99 ,$28.99 ,$0.00 ,$160.00 
.ar,Argentina,1,$102.00 ,$88.49 ,$0.00 ,$0.00 
.archi,New,1,$89.99 ,$101.49 ,$66.49 ,$76.49 
.army,New,1,$48.99 ,$54.99 ,$0.00 ,$50.00 
.art,New,1,$4.49 ,$30.99 ,$14.99 ,$50.00 
.as,America Samoa,2,$197.80 ,$216.00 ,$0.00 ,$0.00 
.asia,Asia,1,$30.99 ,$30.99 ,$0.00 ,$50.00 
.asn.au,Australia,1,$12.95 ,$13.99 ,$0.00 ,$0.00 
.associates,New,1,$48.99 ,$54.99 ,$0.00 ,$50.00 
.at,Austria,1,$27.99 ,$30.99 ,$0.00 ,$0.00 
.attorney,New,1,$59.99 ,$67.49 ,$0.00 ,$50.00 
.au,Australia,1,$12.95 ,$13.99 ,$0.00 ,$0.00 
.auction,New,1,$49.49 ,$55.49 ,$0.00 ,$50.00 
.audio,New,1,$136.00 ,$152.49 ,$0.00 ,$40.00 
.auto,New,1,"$2,824.00 ","$3,166.49 ",$0.00 ,$60.00 
.autos,New,1,$18.99 ,$18.99 ,$14.99 ,$70.00 
.auz.biz,Special,1,$16.99 ,$18.99 ,$0.00 ,$10.00 
.auz.info,Special,1,$16.99 ,$18.99 ,$0.00 ,$10.00 
.auz.net,Special,1,$16.99 ,$18.99 ,$0.00 ,$10.00 
.az,Azerbaijan,1,$446.00 ,$500.99 ,$120.00 ,$209.00 
.ba,Bosnia and Herzegovina,1,$113.00 ,$126.99 ,$0.00 ,$0.00 
.baby,New,1,$67.90 ,$76.49 ,$0.00 ,$105.00 
.band,New,1,$49.49 ,$55.99 ,$0.00 ,$50.00 
.bank,New,1,"$1,448.00 ","$1,265.99 ",$0.00 ,$50.00 
.bar,New,1,$113.00 ,$126.99 ,$0.00 ,$40.00 
.barcelona,New,1,$102.00 ,$114.49 ,$0.00 ,$125.50 
.bargains,New,1,$44.99 ,$50.49 ,$0.00 ,$50.00 
.bayern,New,1,$51.49 ,$62.99 ,$0.00 ,$0.00 
.be,Belgium,1,$15.49 ,$24.99 ,$0.00 ,$22.10 
.beauty,New,1,$18.99 ,$18.99 ,$0.00 ,$65.00 
.beer,New,1,$49.49 ,$50.49 ,$0.00 ,$60.00 
.berlin,New,1,$78.90 ,$88.49 ,$0.00 ,$118.70 
.best,Global,1,$152.00 ,$156.99 ,$0.00 ,$0.00 
.bet,New,1,$24.49 ,$27.49 ,$0.00 ,$50.00 
.bg,Bulgaria,1,$113.00 ,$126.99 ,$63.00 ,$25.00 
.bh,Bahrain,1,$719.00 ,$822.99 ,$79.00 ,$158.00 
.bi,Burundi,1,$134.00 ,$150.49 ,$54.50 ,$210.00 
.bid,New,1,$16.99 ,$18.99 ,$2.50 ,$50.00 
.bike,New,1,$48.99 ,$54.99 ,$0.00 ,$50.00 
.bingo,New,1,$58.49 ,$65.99 ,$0.00 ,$50.00 
.bio,New,1,$59.90 ,$84.49 ,$66.49 ,$76.49 
.biz,Global,1,$31.49 ,$31.99 ,$0.00 ,$50.00 
.biz.fj,Fiji,1,$147.00 ,$164.99 ,$110.00 ,$0.00 
.biz.id,Indonesia,1,$55.90 ,$62.99 ,$0.00 ,$0.00 
.biz.ki,Kiribati,1,$259.00 ,$290.49 ,$36.90 ,$36.90 
.biz.pk,Pakistan,2,$213.99 ,$233.49 ,$0.00 ,$15.00 
.biz.pl,Poland,1,$22.99 ,$38.49 ,$0.00 ,$0.00 
.biz.pr,Puerto Rico,1,$167.00 ,$122.99 ,$0.00 ,$50.00 
.biz.tr,Turkey,1,$35.99 ,$41.49 ,$0.00 ,$15.00 
.biz.tt,Trinidad and Tobago,3,$209.70 ,$227.70 ,$0.00 ,$0.00 
.black,New,1,$85.49 ,$95.99 ,$0.00 ,$50.00 
.blackfriday,New,1,$224.99 ,$189.99 ,$0.00 ,$40.00 
.blog,New,1,$9.99 ,$41.49 ,$0.00 ,$50.00 
.blue,New,1,$25.99 ,$29.49 ,$0.00 ,$50.00 
.bo,Bolivia,1,$451.00 ,$505.99 ,$0.00 ,$0.00 
.boats,New,1,$137.49 ,$143.49 ,$0.00 ,$50.00 
.bond,New,1,$0.00 ,$0.00 ,$0.00 ,$0.00 
.boston,New,1,$25.49 ,$18.99 ,$0.00 ,$60.00 
.boutique,New,1,$49.49 ,$55.49 ,$0.00 ,$50.00 
.br.com,Brazil,1,$61.90 ,$76.49 ,$0.00 ,$0.00 
.broker,New,1,$686.99 ,$785.99 ,$0.00 ,$130.00 
.brussels,New,1,$55.90 ,$62.99 ,$0.00 ,$0.00 
.bs,Bahamas,2,"$1,000.00 ",$736.00 ,$0.00 ,$0.00 
.build,New,1,$113.00 ,$126.99 ,$0.00 ,$0.00 
.builders,New,1,$48.99 ,$54.99 ,$0.00 ,$50.00 
.business,New,1,$34.49 ,$27.99 ,$0.00 ,$50.00 
.buzz,New,1,$55.90 ,$62.99 ,$0.00 ,$50.00 
.bz,Belize,1,$44.99 ,$50.49 ,$0.00 ,$120.00 
.bzh,New,1,$78.90 ,$126.99 ,$0.00 ,$60.40 
.ca,Canada,1,$10.99 ,$14.49 ,$0.00 ,$47.00 
.cab,New,1,$48.49 ,$54.49 ,$0.00 ,$50.00 
.cafe,New,1,$51.49 ,$57.99 ,$0.00 ,$50.00 
.cam,New,1,$0.00 ,$0.00 ,$0.00 ,$0.00 
.camera,New,1,$55.90 ,$62.99 ,$0.00 ,$50.00 
.camp,New,1,$60.49 ,$67.99 ,$0.00 ,$50.00 
.capetown,New,1,$39.99 ,$41.49 ,$0.00 ,$44.80 
.capital,New,1,$83.99 ,$94.49 ,$0.00 ,$50.00 
.car,New,1,"$2,824.00 ","$3,166.49 ",$0.00 ,$60.00 
.cards,New,1,$48.99 ,$54.99 ,$0.00 ,$50.00 
.care,Global,1,$49.99 ,$56.49 ,$0.00 ,$50.00 
.career,New,1,$169.00 ,$189.99 ,$0.00 ,$50.00 
.careers,New,1,$85.99 ,$96.99 ,$0.00 ,$50.00 
.cars,New,1,"$2,824.00 ","$3,166.49 ",$0.00 ,$60.00 
.casa,New,1,$44.99 ,$50.49 ,$0.00 ,$60.00 
.cash,New,1,$49.49 ,$55.49 ,$0.00 ,$50.00 
.casino,New,1,$180.99 ,$271.49 ,$0.00 ,$50.00 
.cat,Global,1,$44.99 ,$50.49 ,$0.00 ,$0.00 
.catering,New,1,$48.99 ,$54.99 ,$0.00 ,$50.00 
.cc,Cocos (Keeling) Islands,1,$9.99 ,$12.49 ,$18.00 ,$50.00 
.cd,The Democratic Republic Congo,1,$84.90 ,$94.99 ,$0.00 ,$0.00 
.center,New,1,$43.99 ,$38.49 ,$0.00 ,$50.00 
.ceo,New,1,$185.99 ,$189.99 ,$0.00 ,$65.00 
.cg,Republic of the Congo,1,$503.00 ,$632.49 ,$0.00 ,$0.00 
.ch,Switzerland,1,$24.99 ,$28.99 ,$0.00 ,$0.00 
.charity,New,1,$33.99 ,$38.49 ,$29.99 ,$100.00 
.chat,New,1,$35.99 ,$40.49 ,$0.00 ,$50.00 
.cheap,New,1,$49.49 ,$55.49 ,$0.00 ,$50.00 
.christmas,New,1,$55.90 ,$62.99 ,$0.00 ,$40.00 
.church,New,1,$49.99 ,$56.49 ,$0.00 ,$50.00 
.city,New,1,$36.49 ,$40.99 ,$0.00 ,$50.00 
.cl,Chile,2,$125.80 ,$111.80 ,$0.00 ,$75.00 
.claims,New,1,$78.90 ,$88.49 ,$0.00 ,$50.00 
.cleaning,New,1,$69.99 ,$62.99 ,$0.00 ,$50.00 
.click,New,1,$13.99 ,$15.49 ,$0.00 ,$40.00 
.clinic,New,1,$84.49 ,$94.99 ,$0.00 ,$50.00 
.clothing,New,1,$49.49 ,$55.49 ,$0.00 ,$50.00 
.cloud,New,1,$36.99 ,$38.49 ,$0.00 ,$50.00 
.club,New,1,$21.99 ,$20.99 ,$0.00 ,$50.00 
.cm,Cameroon,1,$226.00 ,$253.49 ,$0.00 ,$0.00 
.cn,China,1,$73.90 ,$49.49 ,$0.00 ,$71.90 
.cn.com,China,1,$7.99 ,$62.99 ,$0.00 ,$0.00 
.co,Global,1,$29.99 ,$36.49 ,$0.00 ,$50.00 
.co.ag,Antigua and Barbuda,1,$78.90 ,$88.49 ,$0.00 ,$180.00 
.co.at,Austria,1,$33.99 ,$38.49 ,$0.00 ,$0.00 
.co.bi,Burundi,1,$112.00 ,$125.99 ,$54.00 ,$196.40 
.co.bw,New,1,$59.90 ,$66.99 ,$0.00 ,$0.00 
.co.bz,Belize,1,$67.90 ,$76.49 ,$0.00 ,$120.00 
.co.cm,Cameroon,1,$33.99 ,$38.49 ,$0.00 ,$0.00 
.co.com,Global,1,$44.99 ,$50.49 ,$0.00 ,$50.00 
.co.cr,Costa Rica,1,$55.90 ,$62.99 ,$0.00 ,$0.00 
.co.dm,Dominica,1,$277.00 ,$310.49 ,$0.00 ,$110.00 
.co.ee,Estonia,1,$44.99 ,$50.49 ,$0.00 ,$15.00 
.co.gg,Guernsey,1,$78.90 ,$88.49 ,$0.00 ,$99.20 
.co.gl,Greenland,1,$137.00 ,$164.99 ,$0.00 ,$0.00 
.co.gy,Guyana,1,$112.00 ,$125.99 ,$20.00 ,$25.00 
.co.hu,Hungary,2,$67.98 ,$73.98 ,$19.20 ,$0.00 
.co.id,Indonesia,1,$55.90 ,$62.99 ,$0.00 ,$0.00 
.co.il,Israel,1,$24.99 ,$50.49 ,$0.00 ,$50.00 
.co.im,Isle of Man,1,$50.90 ,$56.99 ,$0.00 ,$0.00 
.co.in,India,1,$6.99 ,$12.49 ,$0.00 ,$22.50 
.co.je,Jersey,1,$55.90 ,$62.99 ,$0.00 ,$47.60 
.co.jp,Japan,1,$113.00 ,$126.99 ,$0.00 ,$99.50 
.co.ke,Kenya,1,$39.99 ,$88.49 ,$0.00 ,$0.00 
.co.kr,South Korea,1,$55.90 ,$62.99 ,$24.30 ,$35.00 
.co.lc,Saint Lucia,1,$32.99 ,$44.49 ,$0.00 ,$0.00 
.co.ma,New,1,$51.90 ,$58.99 ,$46.20 ,$0.00 
.co.mg,Madagascar,1,$182.00 ,$203.99 ,$0.00 ,$10.00 
.co.ms,Montserrat,1,$80.90 ,$91.99 ,$0.00 ,$0.00 
.co.mw,Malawi,2,$226.00 ,$246.00 ,$35.00 ,$0.00 
.co.na,Namibia,1,$112.00 ,$98.99 ,$0.00 ,$0.00 
.co.ni,Nicaragua,1,$111.00 ,$124.99 ,$0.00 ,$0.00 
.co.nl,Netherlands,1,$22.99 ,$25.99 ,$0.00 ,$0.00 
.co.no,Norway,1,$89.90 ,$100.99 ,$0.00 ,$0.00 
.co.nz,New Zealand,1,$20.99 ,$23.99 ,$0.00 ,$3.90 
.co.ro,Romania,1,$55.90 ,$62.99 ,$0.00 ,$0.00 
.co.rs,Serbia,1,$44.99 ,$50.49 ,$0.00 ,$15.00 
.co.th,Thailand,1,$78.90 ,$88.49 ,$0.00 ,$0.00 
.co.tt,Trinidad and Tobago,3,$209.70 ,$227.70 ,$0.00 ,$15.00 
.co.tz,New,1,$64.90 ,$73.49 ,$16.50 ,$0.00 
.co.ug,Uganda,2,$157.80 ,$171.80 ,$0.00 ,$0.00 
.co.uk,United Kingdom,1,$7.99 ,$12.49 ,$0.00 ,$0.00 
.co.ve,Venezuela,1,$76.90 ,$86.49 ,$0.00 ,$0.00 
.co.vi,Virgin Islands (US),1,$237.00 ,$98.99 ,$0.00 ,$0.00 
.co.za,South Africa,1,$12.49 ,$18.99 ,$0.00 ,$22.00 
.coach,New,1,$92.49 ,$103.99 ,$0.00 ,$50.00 
.codes,New,1,$85.99 ,$96.99 ,$0.00 ,$50.00 
.coffee,New,1,$36.99 ,$41.49 ,$0.00 ,$50.00 
.college,New,1,$87.99 ,$114.49 ,$0.00 ,$260.00 
.cologne,New,1,$26.99 ,$27.99 ,$0.00 ,$53.50 
.com,Global,1,$12.49 ,$17.99 ,$0.00 ,$50.00 
.com.ag,Antigua and Barbuda,1,$78.90 ,$88.49 ,$0.00 ,$180.00 
.com.ai,Anguilla,2,$248.00 ,$270.00 ,$0.00 ,$150.00 
.com.ar,Argentina,1,$80.90 ,$71.99 ,$0.00 ,$0.00 
.com.au,Australia,1,$11.49 ,$13.99 ,$0.00 ,$0.00 
.com.az,Azerbaijan,1,$446.00 ,$500.99 ,$110.00 ,$214.00 
.com.bd,Bangladesh,2,$248.00 ,$440.00 ,$0.00 ,$0.00 
.com.bh,Bahrain,1,$903.00 ,"$1,012.99 ",$79.00 ,$158.00 
.com.bi,Burundi,1,$112.00 ,$125.99 ,$54.50 ,$198.50 
.com.bo,Bolivia,1,$124.00 ,$139.49 ,$0.00 ,$0.00 
.com.br,Brazil,1,$65.90 ,$74.49 ,$0.00 ,$0.00 
.com.bs,Bahamas,1,$439.00 ,$253.49 ,$0.00 ,$0.00 
.com.bz,Belize,1,$67.90 ,$76.49 ,$0.00 ,$120.00 
.com.cm,Cameroon,1,$33.99 ,$38.49 ,$0.00 ,$0.00 
.com.cn,China,1,$73.90 ,$50.49 ,$0.00 ,$71.90 
.com.co,Colombia,1,$84.99 ,$76.49 ,$0.00 ,$50.00 
.com.de,Germany,1,$22.99 ,$12.49 ,$0.00 ,$0.00 
.com.do,Dominican Republic,2,$141.80 ,$153.80 ,$0.00 ,$15.00 
.com.ec,Ecuador,1,$112.00 ,$125.99 ,$0.00 ,$86.50 
.com.es,Spain,1,$13.99 ,$15.49 ,$0.00 ,$0.00 
.com.fj,Fiji,1,$169.00 ,$126.99 ,$110.00 ,$0.00 
.com.gl,Greenland,1,$147.00 ,$164.99 ,$0.00 ,$0.00 
.com.gp,Guadeloupe,1,$168.00 ,$188.99 ,$0.00 ,$0.00 
.com.gr,Greece,2,$89.98 ,$97.98 ,$0.00 ,$0.00 
.com.gt,Guatemala,2,$175.80 ,$191.80 ,$0.00 ,$0.00 
.com.gy,Guyana,1,$99.90 ,$125.99 ,$20.00 ,$25.00 
.com.hk,Hong Kong,1,$65.90 ,$74.49 ,$0.00 ,$40.90 
.com.hn,Honduras,1,$80.90 ,$91.99 ,$0.00 ,$0.00 
.com.hr,Croatia,1,$89.90 ,$102.99 ,$0.00 ,$0.00 
.com.ht,Haiti,1,$41.99 ,$122.99 ,$14.50 ,$14.50 
.com.im,Isle of Man,1,$50.90 ,$56.99 ,$0.00 ,$0.00 
.com.jm,Jamaica,1,$131.00 ,$147.49 ,$0.00 ,$0.00 
.com.jo,Jordan,1,$294.00 ,$227.99 ,$65.00 ,$115.60 
.com.ki,Kiribati,1,$259.00 ,$290.49 ,$36.90 ,$36.90 
.com.kn,Saint Kitts and Nevis,1,$170.00 ,$190.99 ,$0.00 ,$0.00 
.com.kz,Kazakhstan,1,$44.99 ,$50.49 ,$0.00 ,$0.00 
.com.lc,Saint Lucia,1,$39.99 ,$44.49 ,$0.00 ,$0.00 
.com.lk,Sri Lanka,1,$33.99 ,$38.49 ,$0.00 ,$0.00 
.com.ly,Libya,1,$55.90 ,$62.99 ,$0.00 ,$0.00 
.com.mg,Madagascar,1,$182.00 ,$203.99 ,$0.00 ,$10.00 
.com.mk,Macedonia,1,$113.00 ,$126.99 ,$0.00 ,$0.00 
.com.ms,Montserrat,1,$80.90 ,$91.99 ,$0.00 ,$0.00 
.com.mt,Malta,1,$113.00 ,$108.49 ,$0.00 ,$35.50 
.com.mu,New,1,$86.90 ,$97.99 ,$77.00 ,"$1,775.00 "
.com.mw,Malawi,2,$226.00 ,$246.00 ,$35.00 ,$0.00 
.com.mx,Mexico,1,$49.99 ,$50.49 ,$0.00 ,$20.00 
.com.my,Malaysia,1,$93.49 ,$87.49 ,$0.00 ,$69.99 
.com.na,Namibia,1,$780.00 ,$501.99 ,$0.00 ,$0.00 
.com.nf,Norfolk Island,1,$600.00 ,$367.99 ,$32.40 ,$32.40 
.com.ng,Nigeria,1,$180.00 ,$206.49 ,$0.00 ,$30.00 
.com.ni,Nicaragua,1,$111.00 ,$124.99 ,$0.00 ,$0.00 
.com.pa,Panama,2,$151.80 ,$163.80 ,$0.00 ,$0.00 
.com.pe,Peru,1,$89.90 ,$100.99 ,$0.00 ,$0.00 
.com.ph,Philippines,1,$74.90 ,$77.49 ,$25.00 ,$0.00 
.com.pk,Pakistan,2,$213.99 ,$216.00 ,$0.00 ,$15.00 
.com.pl,Poland,1,$26.99 ,$38.49 ,$0.00 ,$0.00 
.com.pr,Puerto Rico,1,$167.00 ,$122.99 ,$0.00 ,$50.00 
.com.ps,Palestine,1,$154.00 ,$125.99 ,$0.00 ,$0.00 
.com.pt,Portugal,1,$27.99 ,$31.99 ,$0.00 ,$0.00 
.com.py,Paraguay,1,$147.00 ,$164.99 ,$0.00 ,$0.00 
.com.ro,Romania,1,$78.90 ,$88.49 ,$0.00 ,$0.00 
.com.sa,Saudi Arabia,1,$339.00 ,$380.49 ,$96.30 ,$0.00 
.com.sb,Solomon Islands,1,$89.90 ,$100.99 ,$18.60 ,$18.60 
.com.sc,Seychelles,1,$95.90 ,$125.99 ,$0.00 ,$210.00 
.com.se,Sweden,1,$34.99 ,$62.99 ,$0.00 ,$0.00 
.com.sg,Singapore,1,$49.99 ,$55.99 ,$0.00 ,$21.80 
.com.sv,El Salvador,1,$168.00 ,$188.99 ,$15.00 ,$0.00 
.com.tr,Turkey,1,$53.90 ,$61.99 ,$0.00 ,$0.00 
.com.tt,Trinidad and Tobago,3,$209.70 ,$227.70 ,$0.00 ,$15.00 
.com.tw,Taiwan,1,$44.99 ,$50.49 ,$26.80 ,$25.00 
.com.ua,Ukraine,1,$28.49 ,$25.99 ,$0.00 ,$0.00 
.com.uy,Uruguay,1,$113.00 ,$126.99 ,$0.00 ,$0.00 
.com.vc,Saint Vincent and the Grenadines,1,$84.90 ,$94.99 ,$0.00 ,$85.00 
.com.ve,Venezuela,1,$112.00 ,$125.99 ,$0.00 ,$0.00 
.com.vi,Virgin Islands (US),1,$237.00 ,$98.99 ,$0.00 ,$0.00 
.com.vn,Vietnam,1,$108.80 ,$100.99 ,$0.00 ,$0.00 
.com.vu,Vanuatu,1,$102.00 ,$114.49 ,$0.00 ,$0.00 
.community,New,1,$50.49 ,$56.99 ,$0.00 ,$50.00 
.company,Global,1,$31.49 ,$27.99 ,$0.00 ,$60.00 
.compare,New,1,$37.49 ,$38.49 ,$0.00 ,$100.00 
.computer,New,1,$48.99 ,$54.99 ,$0.00 ,$50.00 
.condos,New,1,$82.99 ,$93.49 ,$0.00 ,$50.00 
.construction,New,1,$48.99 ,$54.99 ,$0.00 ,$50.00 
.consulting,New,1,$53.99 ,$60.99 ,$0.00 ,$50.00 
.contractors,New,1,$44.99 ,$50.49 ,$0.00 ,$50.00 
.cooking,New,1,$49.49 ,$50.49 ,$0.00 ,$60.00 
.cool,New,1,$48.99 ,$54.99 ,$0.00 ,$50.00 
.coop.mw,Malawi,2,$226.00 ,$246.00 ,$35.00 ,$0.00 
.country,New,1,"$2,044.99 ","$2,110.49 ",$0.00 ,$40.00 
.coupons,New,1,$78.90 ,$88.49 ,$0.00 ,$50.00 
.courses,New,1,$55.90 ,$62.99 ,$0.00 ,$60.00 
.cr,Costa Rica,1,$169.00 ,$189.99 ,$0.00 ,$0.00 
.credit,New,1,$147.00 ,$164.99 ,$0.00 ,$50.00 
.creditcard,New,1,$199.00 ,$253.49 ,$0.00 ,$50.00 
.creditunion,New,1,$181.00 ,$202.99 ,$0.00 ,$50.00 
.cricket,New,1,$27.99 ,$25.99 ,$5.00 ,$60.00 
.cruises,New,1,$60.99 ,$68.99 ,$0.00 ,$50.00 
.cx,Christmas Island,1,$16.99 ,$103.49 ,$21.00 ,$90.00 
.cymru,New,1,$33.99 ,$38.49 ,$0.00 ,$0.00 
.cz,Czech Republic,1,$27.99 ,$30.99 ,$0.00 ,$0.00 
.dance,New,1,$36.49 ,$40.99 ,$0.00 ,$50.00 
.date,New,1,$16.99 ,$18.99 ,$2.99 ,$50.00 
.dating,New,1,$84.49 ,$94.99 ,$0.00 ,$50.00 
.de,Germany,1,$11.09 ,$15.49 ,$0.00 ,$0.00 
.de.com,Germany,1,$26.99 ,$50.49 ,$0.00 ,$0.00 
.deals,New,1,$48.99 ,$54.99 ,$0.00 ,$50.00 
.degree,New,1,$71.99 ,$80.99 ,$0.00 ,$50.00 
.delivery,New,1,$85.49 ,$95.99 ,$0.00 ,$50.00 
.democrat,New,1,$43.99 ,$50.49 ,$0.00 ,$50.00 
.dental,New,1,$87.99 ,$98.49 ,$0.00 ,$50.00 
.dentist,New,1,$69.99 ,$62.99 ,$0.00 ,$50.00 
.desi,New,1,$20.99 ,$23.99 ,$0.00 ,$50.00 
.design,New,1,$68.49 ,$66.99 ,$0.00 ,$100.00 
.dev,New,1,$21.49 ,$23.49 ,$0.00 ,$160.00 
.diamonds,New,1,$78.90 ,$88.49 ,$0.00 ,$50.00 
.diet,New,1,$147.00 ,$164.99 ,$0.00 ,$40.00 
.digital,New,1,$38.99 ,$54.49 ,$0.00 ,$50.00 
.direct,New,1,$48.99 ,$54.99 ,$0.00 ,$50.00 
.directory,New,1,$24.49 ,$27.49 ,$0.00 ,$50.00 
.discount,New,1,$48.49 ,$54.49 ,$0.00 ,$50.00 
.dk,Denmark,1,$50.90 ,$56.99 ,$0.00 ,$50.90 
.dm,Dominica,1,$277.00 ,$310.49 ,$0.00 ,$125.00 
.do,Dominican Republic,2,$197.80 ,$216.00 ,$60.00 ,$0.00 
.doctor,New,1,$124.00 ,$139.49 ,$0.00 ,$50.00 
.dog,New,1,$59.99 ,$67.49 ,$0.00 ,$50.00 
.domains,New,1,$48.49 ,$54.49 ,$0.00 ,$50.00 
.download,New,1,$16.99 ,$18.99 ,$2.99 ,$60.00 
.durban,New,1,$39.99 ,$41.49 ,$0.00 ,$44.80 
.earth,New,1,$33.99 ,$38.49 ,$0.00 ,$70.00 
.ec,Ecuador,1,$112.00 ,$125.99 ,$0.00 ,$86.50 
.eco,New,1,$94.49 ,$100.99 ,$0.00 ,$40.00 
.edu.sg,Singapore,1,$50.90 ,$56.99 ,$0.00 ,$21.80 
.education,New,1,$40.49 ,$45.49 ,$0.00 ,$50.00 
.ee,Estonia,1,$44.99 ,$50.49 ,$0.00 ,$0.00 
.email,New,1,$27.49 ,$30.99 ,$0.00 ,$50.00 
.energy,New,1,$158.99 ,$178.49 ,$0.00 ,$50.00 
.engineer,New,1,$48.99 ,$54.99 ,$0.00 ,$50.00 
.engineering,New,1,$85.99 ,$96.99 ,$0.00 ,$50.00 
.enterprises,New,1,$48.99 ,$54.99 ,$0.00 ,$50.00 
.equipment,New,1,$36.49 ,$40.99 ,$0.00 ,$50.00 
.es,Spain,1,$10.99 ,$24.99 ,$0.00 ,$0.00 
.estate,New,1,$48.99 ,$54.99 ,$0.00 ,$50.00 
.eu,European Union,1,$4.99 ,$11.49 ,$10.30 ,$26.40 
.eu.com,European Union,1,$23.99 ,$44.49 ,$0.00 ,$0.00 
.eus,New,1,$112.00 ,$125.99 ,$0.00 ,$131.70 
.events,New,1,$53.99 ,$60.99 ,$0.00 ,$50.00 
.exchange,New,1,$48.99 ,$54.99 ,$0.00 ,$50.00 
.expert,Global,1,$55.90 ,$62.99 ,$0.00 ,$50.00 
.exposed,New,1,$36.49 ,$41.49 ,$0.00 ,$50.00 
.express,New,1,$48.99 ,$54.99 ,$0.00 ,$50.00 
.fail,New,1,$44.99 ,$50.49 ,$0.00 ,$50.00 
.faith,New,1,$16.99 ,$18.99 ,$5.00 ,$50.00 
.family,New,1,$39.99 ,$44.99 ,$0.00 ,$50.00 
.fan,New,1,$46.99 ,$53.49 ,$0.00 ,$100.00 
.fans,New,1,$81.90 ,$92.99 ,$0.00 ,$50.00 
.farm,New,1,$48.99 ,$54.99 ,$0.00 ,$50.00 
.fashion,New,1,$49.49 ,$50.49 ,$0.00 ,$60.00 
.fi,Finland,1,$77.90 ,$87.49 ,$0.00 ,$0.00 
.film,New,1,$113.00 ,$126.99 ,$0.00 ,$115.00 
.finance,New,1,$86.99 ,$97.49 ,$0.00 ,$50.00 
.financial,New,1,$82.99 ,$93.49 ,$0.00 ,$50.00 
.firm.in,India,1,$10.99 ,$12.49 ,$13.80 ,$22.50 
.fish,New,1,$48.49 ,$54.49 ,$0.00 ,$50.00 
.fishing,New,1,$49.49 ,$50.49 ,$0.00 ,$60.00 
.fit,New,1,$36.49 ,$37.49 ,$0.00 ,$60.00 
.fitness,New,1,$50.49 ,$56.99 ,$0.00 ,$50.00 
.flights,New,1,$82.99 ,$93.49 ,$0.00 ,$50.00 
.florist,New,1,$37.49 ,$55.49 ,$0.00 ,$50.00 
.flowers,New,1,$158.00 ,$177.49 ,$0.00 ,$40.00 
.fm,Micronesia,1,$113.00 ,$126.99 ,$0.00 ,$35.00 
.football,New,1,$36.49 ,$40.99 ,$0.00 ,$50.00 
.forsale,New,1,$37.49 ,$41.99 ,$0.00 ,$50.00 
.foundation,New,1,$44.99 ,$50.49 ,$0.00 ,$50.00 
.fr,France,1,$35.99 ,$37.49 ,$19.99 ,$14.90 
.frl,New,1,$59.90 ,$76.49 ,$0.00 ,$0.00 
.fun,New,1,$31.99 ,$35.49 ,$25.00 ,$70.00 
.fund,New,1,$92.49 ,$103.99 ,$0.00 ,$50.00 
.furniture,New,1,$121.00 ,$131.99 ,$0.00 ,$50.00 
.futbol,New,1,$24.49 ,$18.99 ,$0.00 ,$50.00 
.fyi,New,1,$27.99 ,$31.99 ,$0.00 ,$50.00 
.gal,New,1,$112.00 ,$125.99 ,$0.00 ,$235.40 
.gallery,New,1,$38.49 ,$42.99 ,$0.00 ,$50.00 
.game,New,1,$565.00 ,$633.49 ,$0.00 ,$40.00 
.games,New,1,$28.99 ,$32.49 ,$0.00 ,$50.00 
.garden,New,1,$49.49 ,$50.49 ,$0.00 ,$60.00 
.gay,New,1,$41.99 ,$46.49 ,$0.00 ,$60.00 
.gb.net,United Kingdom,1,$16.99 ,$50.49 ,$0.00 ,$0.00 
.gd,Grenada,1,$49.90 ,$51.49 ,$0.00 ,$0.00 
.ge,New,1,$216.00 ,$242.49 ,$134.54 ,$0.00 
.geek.nz,New Zealand,1,$20.99 ,$23.99 ,$0.00 ,$3.90 
.gen.in,India,1,$10.99 ,$12.49 ,$0.00 ,$22.50 
.gen.nz,New Zealand,1,$20.99 ,$23.99 ,$0.00 ,$3.90 
.gent,New,1,$55.90 ,$62.99 ,$0.00 ,$138.90 
.gg,Guernsey,1,$65.90 ,$124.99 ,$0.00 ,$99.20 
.gift,New,1,$33.99 ,$38.49 ,$0.00 ,$0.00 
.gifts,New,1,$49.49 ,$55.49 ,$0.00 ,$50.00 
.gives,New,1,$44.99 ,$50.49 ,$0.00 ,$50.00 
.glass,New,1,$59.99 ,$67.49 ,$0.00 ,$50.00 
.global,Global,1,$93.49 ,$104.99 ,$0.00 ,$54.00 
.gmbh,New,1,$50.49 ,$56.99 ,$0.00 ,$50.00 
.gold,New,1,$113.00 ,$126.99 ,$0.00 ,$50.00 
.golf,New,1,$84.49 ,$94.99 ,$0.00 ,$50.00 
.gp,Guadeloupe,1,$168.00 ,$188.99 ,$0.00 ,$0.00 
.gr,Greece,2,$93.98 ,$83.98 ,$0.00 ,$0.00 
.gr.com,Greece,1,$27.99 ,$31.99 ,$0.00 ,$0.00 
.graphics,New,1,$36.49 ,$40.99 ,$0.00 ,$50.00 
.gratis,New,1,$38.99 ,$43.99 ,$0.00 ,$50.00 
.green,New,1,$122.49 ,$136.99 ,$0.00 ,$80.00 
.gripe,New,1,$48.49 ,$54.49 ,$0.00 ,$50.00 
.group,New,1,$33.49 ,$28.99 ,$0.00 ,$50.00 
.gs,South Georgia and the South Sandwich Islands,1,$80.90 ,$91.99 ,$25.00 ,$16.00 
.gt,Guatemala,2,$224.00 ,$244.00 ,$0.00 ,$0.00 
.guide,New,1,$39.49 ,$44.49 ,$0.00 ,$50.00 
.guitars,New,1,$158.00 ,$177.49 ,$0.00 ,$40.00 
.guru,New,1,$36.49 ,$41.49 ,$0.00 ,$50.00 
.gy,Guyana,1,$113.00 ,$126.99 ,$20.00 ,$25.00 
.hair,New,1,$18.99 ,$18.99 ,$0.00 ,$65.00 
.hamburg,New,1,$78.90 ,$88.49 ,$0.00 ,$118.70 
.haus,New,1,$36.49 ,$41.49 ,$0.00 ,$50.00 
.health,New,1,$84.90 ,$100.99 ,$80.00 ,$55.00 
.healthcare,New,1,$102.99 ,$88.49 ,$0.00 ,$50.00 
.help,New,1,$33.99 ,$38.49 ,$0.00 ,$40.00 
.hiphop,New,1,$147.00 ,$164.99 ,$0.00 ,$40.00 
.hiv,New,1,$225.00 ,$252.49 ,$0.00 ,$189.00 
.hk,Hong Kong,1,$65.90 ,$55.99 ,$0.00 ,$31.10 
.hk.com,Hong Kong,1,$44.99 ,$50.49 ,$0.00 ,$0.00 
.hk.org,Hong Kong,1,$44.99 ,$50.49 ,$0.00 ,$0.00 
.hn,Honduras,1,$80.90 ,$91.99 ,$0.00 ,$0.00 
.hockey,New,1,$64.99 ,$95.99 ,$0.00 ,$50.00 
.holdings,New,1,$84.49 ,$94.99 ,$0.00 ,$50.00 
.holiday,New,1,$84.49 ,$94.99 ,$0.00 ,$50.00 
.homes,New,1,$18.99 ,$18.99 ,$14.99 ,$70.00 
.horse,New,1,$49.49 ,$50.49 ,$0.00 ,$60.00 
.hospital,New,1,$66.49 ,$75.49 ,$55.00 ,$50.00 
.host,New,1,$169.49 ,$164.99 ,$0.00 ,$90.00 
.hosting,New,1,$384.00 ,$430.99 ,$0.00 ,$40.00 
.house,New,1,$49.99 ,$56.49 ,$0.00 ,$50.00 
.how,New,1,$44.99 ,$50.49 ,$0.00 ,$115.00 
.hr,Croatia,1,$226.00 ,$253.49 ,$0.00 ,$0.00 
.ht,Haiti,1,$113.00 ,$126.99 ,$47.50 ,$25.00 
.hu,Hungary,2,$67.98 ,$59.98 ,$19.20 ,$0.00 
.hu.net,Hungary,1,$55.90 ,$62.99 ,$0.00 ,$0.00 
.id,Indonesia,1,$88.90 ,$99.99 ,$0.00 ,$130.00 
.id.au,Australia,1,$12.95 ,$13.99 ,$0.00 ,$0.00 
.idv.hk,Hong Kong,1,$44.99 ,$50.49 ,$0.00 ,$32.70 
.ie,Ireland,1,$90.99 ,$88.49 ,$40.00 ,$25.00 
.im,Isle of Man,1,$61.90 ,$63.99 ,$0.00 ,$0.00 
.immo,New,1,$50.49 ,$56.99 ,$0.00 ,$50.00 
.immobilien,New,1,$54.49 ,$61.49 ,$0.00 ,$50.00 
.in,India,1,$6.99 ,$12.49 ,$0.00 ,$22.00 
.in.net,India,1,$7.99 ,$12.49 ,$0.00 ,$0.00 
.in.rs,Serbia,1,$44.99 ,$50.49 ,$0.00 ,$15.00 
.in.th,Thailand,1,$78.90 ,$88.49 ,$0.00 ,$0.00 
.inc,New,1,"$2,824.00 ","$3,166.49 ",$0.00 ,$35.00 
.inc.hk,Hong Kong,1,$44.99 ,$50.49 ,$0.00 ,$0.00 
.ind.in,India,1,$10.99 ,$12.49 ,$0.00 ,$22.50 
.industries,New,1,$51.49 ,$57.99 ,$0.00 ,$50.00 
.info,Global,1,$29.49 ,$36.49 ,$0.00 ,$50.00 
.info.ec,Ecuador,1,$55.90 ,$125.99 ,$0.00 ,$86.50 
.info.fj,Fiji,1,$296.00 ,$164.99 ,$110.00 ,$25.00 
.info.ki,Kiribati,1,$259.00 ,$290.49 ,$36.90 ,$36.90 
.info.nf,Norfolk Island,1,$881.00 ,$367.99 ,$32.40 ,$32.40 
.info.pl,Poland,1,$26.99 ,$38.49 ,$0.00 ,$0.00 
.info.tr,Turkey,1,$35.99 ,$41.49 ,$0.00 ,$15.00 
.ink,New,1,$44.99 ,$50.49 ,$0.00 ,$55.00 
.institute,New,1,$36.49 ,$40.99 ,$0.00 ,$50.00 
.insurance,New,1,"$1,555.00 ","$1,519.49 ",$0.00 ,$50.00 
.insure,New,1,$96.49 ,$108.49 ,$0.00 ,$50.00 
.int.az,Azerbaijan,1,$446.00 ,$500.99 ,$110.00 ,$214.00 
.international,New,1,$27.49 ,$30.99 ,$0.00 ,$50.00 
.investments,New,1,$164.99 ,$184.99 ,$0.00 ,$50.00 
.io,British Indian Ocean Territory,1,$39.90 ,$56.99 ,$0.00 ,$44.99 
.irish,New,1,$59.99 ,$67.49 ,$0.00 ,$50.00 
.is,Iceland,1,$111.00 ,$124.99 ,$0.00 ,$0.00 
.it,Italy,1,$10.99 ,$41.49 ,$39.99 ,$29.50 
.je,Jersey,1,$113.00 ,$126.99 ,$0.00 ,$47.60 
.jetzt,Global,1,$27.49 ,$43.99 ,$0.00 ,$50.00 
.jewelry,New,1,$84.49 ,$94.99 ,$0.00 ,$50.00 
.jo,Jordan,1,$398.00 ,$230.99 ,$65.00 ,$156.80 
.joburg,New,1,$39.99 ,$41.49 ,$0.00 ,$44.80 
.jp,Japan,1,$88.90 ,$99.99 ,$0.00 ,$50.20 
.jp.net,Japan,1,$15.99 ,$62.99 ,$0.00 ,$0.00 
.jpn.com,Japan,1,$52.90 ,$62.99 ,$0.00 ,$0.00 
.juegos,New,1,$375.00 ,$405.99 ,$0.00 ,$40.00 
.kaufen,New,1,$44.99 ,$50.49 ,$0.00 ,$50.00 
.ke,Africa,1,$168.00 ,$188.99 ,$0.00 ,$0.00 
.ki,Kiribati,1,"$1,639.00 ","$1,837.99 ",$54.90 ,$99.70 
.kim,New,1,$22.99 ,$25.99 ,$0.00 ,$50.00 
.kitchen,New,1,$61.49 ,$68.99 ,$0.00 ,$50.00 
.kiwi,New,1,$33.99 ,$38.49 ,$0.00 ,$61.10 
.kiwi.nz,New Zealand,1,$20.99 ,$23.99 ,$0.00 ,$3.90 
.kn,Saint Kitts and Nevis,1,$170.00 ,$190.99 ,$0.00 ,$0.00 
.koeln,New,1,$26.99 ,$27.99 ,$0.00 ,$53.50 
.kr,South Korea,1,$65.90 ,$74.49 ,$24.30 ,$35.00 
.kz,Kazakhstan,1,$39.99 ,$44.49 ,$0.00 ,$0.00 
.la,Laos,1,$55.90 ,$62.99 ,$0.00 ,$35.00 
.land,New,1,$50.49 ,$56.99 ,$0.00 ,$50.00 
.lat,New,1,$49.49 ,$50.49 ,$0.00 ,$60.00 
.law,New,1,$175.00 ,$196.99 ,$0.00 ,$60.00 
.lawyer,New,1,$59.99 ,$67.49 ,$0.00 ,$50.00 
.lc,Saint Lucia,1,$39.99 ,$44.49 ,$0.00 ,$0.00 
.lease,New,1,$78.90 ,$88.49 ,$0.00 ,$50.00 
.legal,New,1,$85.99 ,$96.99 ,$0.00 ,$50.00 
.lgbt,New,1,$102.99 ,$88.49 ,$0.00 ,$60.00 
.li,Liechtenstein,1,$25.99 ,$28.99 ,$0.00 ,$0.00 
.life,New,1,$30.49 ,$42.99 ,$0.00 ,$50.00 
.lighting,New,1,$24.49 ,$27.49 ,$0.00 ,$50.00 
.limited,New,1,$49.49 ,$55.49 ,$0.00 ,$50.00 
.limo,New,1,$78.90 ,$88.49 ,$0.00 ,$50.00 
.link,New,1,$10.99 ,$12.49 ,$0.00 ,$40.00 
.live,New,1,$29.49 ,$41.99 ,$0.00 ,$50.00 
.lk,Sri Lanka,1,$44.99 ,$50.49 ,$0.00 ,$0.00 
.loan,New,1,$16.99 ,$18.99 ,$5.00 ,$60.00 
.loans,New,1,$157.49 ,$176.99 ,$0.00 ,$50.00 
.lol,New,1,$49.49 ,$50.49 ,$0.00 ,$40.00 
.london,New,1,$55.90 ,$62.99 ,$0.00 ,$77.70 
.lotto,New,1,"$2,119.00 ","$2,375.49 ",$0.00 ,$50.00 
.love,New,1,$44.99 ,$50.49 ,$0.00 ,$100.00 
.lt,Lithuania,1,$27.99 ,$31.99 ,$0.00 ,$20.00 
.ltd,New,1,$39.99 ,$44.49 ,$0.00 ,$50.00 
.ltd.co.im,Isle of Man,1,$50.90 ,$56.99 ,$0.00 ,$0.00 
.ltd.hk,Hong Kong,1,$12.99 ,$50.49 ,$0.00 ,$0.00 
.ltd.uk,United Kingdom,1,$9.99 ,$23.99 ,$0.00 ,$0.00 
.ltda,New,1,$34.99 ,$62.99 ,$0.00 ,$50.00 
.lu,Luxembourg,1,$39.99 ,$44.49 ,$34.99 ,$151.30 
.luxe,New,1,$26.99 ,$30.99 ,$0.00 ,$110.00 
.luxury,New,1,$629.00 ,$719.99 ,$0.00 ,$0.00 
.lv,Latvia,1,$67.90 ,$76.49 ,$0.00 ,$0.00 
.ly,Libya,1,$113.00 ,$126.99 ,$0.00 ,$0.00 
.ma,New,1,$51.90 ,$58.99 ,$46.20 ,$0.00 
.maison,New,1,$85.49 ,$95.99 ,$0.00 ,$50.00 
.makeup,New,1,$18.99 ,$18.99 ,$0.00 ,$65.00 
.management,New,1,$38.49 ,$42.99 ,$0.00 ,$50.00 
.maori.nz,New Zealand,1,$20.99 ,$23.99 ,$0.00 ,$3.90 
.market,New,1,$51.49 ,$57.99 ,$0.00 ,$50.00 
.marketing,New,1,$44.99 ,$50.49 ,$0.00 ,$50.00 
.markets,New,1,$74.49 ,$83.49 ,$0.00 ,$120.00 
.mba,New,1,$48.99 ,$54.99 ,$0.00 ,$50.00 
.md,Republic of Moldova,1,$226.00 ,$253.49 ,$0.00 ,$0.00 
.me,Global,1,$9.99 ,$37.49 ,$0.00 ,$0.00 
.me.uk,United Kingdom,1,$7.99 ,$12.49 ,$0.00 ,$0.00 
.media,New,1,$51.49 ,$57.99 ,$0.00 ,$50.00 
.meet,New,1,$0.00 ,$0.00 ,$0.00 ,$0.00 
.melbourne,New,1,$68.90 ,$77.49 ,$0.00 ,$79.60 
.memorial,New,1,$53.90 ,$60.99 ,$0.00 ,$50.00 
.men,New,1,$16.99 ,$18.99 ,$2.50 ,$60.00 
.menu,New,1,$55.90 ,$62.99 ,$0.00 ,$0.00 
.mex.com,Mexico,1,$14.99 ,$25.99 ,$0.00 ,$0.00 
.mg,Madagascar,1,$182.00 ,$203.99 ,$0.00 ,$10.00 
.miami,New,1,$28.99 ,$25.99 ,$0.00 ,$60.00 
.mk,Macedonia,1,$113.00 ,$126.99 ,$52.10 ,$0.00 
.mn,Mongolia,1,$78.90 ,$88.49 ,$0.00 ,$110.00 
.mobi,Global,1,$44.99 ,$37.49 ,$0.00 ,$50.00 
.mobi.ki,Kiribati,1,$259.00 ,$290.49 ,$36.90 ,$36.90 
.moda,New,1,$44.49 ,$38.49 ,$0.00 ,$50.00 
.moe,New,1,$33.99 ,$38.49 ,$0.00 ,$50.00 
.mom,New,1,$44.99 ,$50.49 ,$0.00 ,$40.00 
.money,New,1,$48.99 ,$54.99 ,$0.00 ,$50.00 
.monster,New,1,$18.99 ,$18.99 ,$0.00 ,$110.00 
.mortgage,New,1,$84.49 ,$94.99 ,$0.00 ,$50.00 
.motorcycles,New,1,$18.99 ,$18.99 ,$14.99 ,$70.00 
.movie,New,1,$362.99 ,$406.99 ,$0.00 ,$50.00 
.mp,Northern Mariana Islands,1,$55.90 ,$62.99 ,$0.00 ,$15.00 
.ms,Montserrat,1,$80.90 ,$91.99 ,$0.00 ,$10.00 
.mt,Malta,1,$67.90 ,$76.49 ,$0.00 ,$35.50 
.mu,Mauritius,1,$113.00 ,$126.99 ,$65.00 ,"$1,660.00 "
.mw,Malawi,2,$226.00 ,$246.00 ,$35.00 ,$0.00 
.mx,Mexico,1,$86.49 ,$87.49 ,$0.00 ,$44.00 
.my,Malaysia,1,$98.99 ,$99.99 ,$0.00 ,$69.99 
.my.id,Indonesia,1,$55.90 ,$62.99 ,$0.00 ,$0.00 
.na,Namibia,1,"$5,905.00 ","$6,018.49 ",$0.00 ,$0.00 
.nagoya,New,1,$183.99 ,$18.99 ,$0.00 ,$51.50 
.name,Global,1,$10.99 ,$12.49 ,$0.00 ,$50.00 
.name.fj,Fiji,1,$296.00 ,$164.99 ,$110.00 ,$25.00 
.ne.kr,South Korea,1,$55.90 ,$62.99 ,$24.30 ,$35.00 
.net,Global,1,$14.99 ,$17.99 ,$0.00 ,$50.00 
.net.ag,Antigua and Barbuda,1,$78.90 ,$88.49 ,$0.00 ,$180.00 
.net.au,Australia,1,$12.95 ,$13.99 ,$0.00 ,$0.00 
.net.az,Azerbaijan,1,$446.00 ,$500.99 ,$110.00 ,$214.00 
.net.br,Brazil,1,$67.90 ,$76.49 ,$0.00 ,$0.00 
.net.bz,Belize,1,$50.90 ,$76.49 ,$0.00 ,$120.00 
.net.cm,Cameroon,1,$26.99 ,$38.49 ,$0.00 ,$0.00 
.net.cn,China,1,$73.90 ,$50.49 ,$0.00 ,$71.90 
.net.co,Colombia,1,$84.99 ,$76.49 ,$0.00 ,$50.00 
.net.ec,Ecuador,1,$84.90 ,$125.99 ,$0.00 ,$86.50 
.net.fj,Fiji,1,$296.00 ,$164.99 ,$110.00 ,$25.00 
.net.ht,Haiti,1,$110.00 ,$122.99 ,$14.50 ,$0.00 
.net.im,Isle of Man,1,$50.90 ,$56.99 ,$0.00 ,$0.00 
.net.in,India,1,$10.99 ,$12.49 ,$0.00 ,$22.50 
.net.ki,Kiribati,1,$259.00 ,$290.49 ,$36.90 ,$36.90 
.net.mg,Madagascar,1,$182.00 ,$203.99 ,$0.00 ,$10.00 
.net.mt,Malta,1,$147.30 ,$108.49 ,$0.00 ,$34.30 
.net.nf,Norfolk Island,1,$702.00 ,$367.99 ,$32.40 ,$32.40 
.net.nz,New Zealand,1,$20.99 ,$23.99 ,$0.00 ,$3.90 
.net.pk,Pakistan,2,$213.99 ,$216.00 ,$0.00 ,$15.00 
.net.pl,Poland,1,$26.99 ,$38.49 ,$0.00 ,$0.00 
.net.pr,Puerto Rico,1,$167.00 ,$122.99 ,$0.00 ,$50.00 
.net.ps,Palestine,1,$154.00 ,$125.99 ,$0.00 ,$0.00 
.net.sb,Solomon Islands,1,$84.90 ,$100.99 ,$18.60 ,$18.60 
.net.ua,Ukraine,1,$22.99 ,$25.99 ,$0.00 ,$0.00 
.net.vc,Saint Vincent and the Grenadines,1,$84.90 ,$94.99 ,$0.00 ,$85.00 
.net.vn,Vietnam,1,$108.80 ,$100.99 ,$0.00 ,$0.00 
.net.za,South Africa,1,$18.99 ,$18.99 ,$0.00 ,$30.50 
.network,New,1,$40.49 ,$45.49 ,$0.00 ,$50.00 
.news,New,1,$37.49 ,$41.99 ,$0.00 ,$50.00 
.nf,Norfolk Island,1,"$1,188.00 ",$481.49 ,$32.40 ,$32.40 
.ng,Nigeria,1,$360.00 ,$412.49 ,$0.00 ,$30.00 
.ngo,New,1,$78.90 ,$88.49 ,$0.00 ,$110.00 
.ninja,New,1,$29.99 ,$32.99 ,$0.00 ,$50.00 
.nl,Netherlands,1,$22.99 ,$24.99 ,$0.00 ,$37.20 
.no,Norway,1,$89.90 ,$102.99 ,$0.00 ,$0.00 
.nom.ag,Antigua and Barbuda,1,$78.90 ,$88.49 ,$0.00 ,$180.00 
.nom.co,Colombia,1,$67.90 ,$76.49 ,$0.00 ,$50.00 
.nom.es,Spain,1,$13.99 ,$15.49 ,$0.00 ,$0.00 
.north.am,United States,1,$27.99 ,$31.99 ,$0.00 ,$10.00 
.nrw,New,1,$78.90 ,$88.49 ,$0.00 ,$77.60 
.nu,Niue,1,$33.99 ,$31.99 ,$0.00 ,$0.00 
.nyc,New,1,$33.99 ,$38.49 ,$30.00 ,$50.00 
.nz,New Zealand,1,$20.99 ,$23.99 ,$0.00 ,$3.90 
.observer,New,1,$14.99 ,$16.49 ,$0.00 ,$310.00 
.okinawa,New,1,$14.99 ,$16.49 ,$0.00 ,$51.50 
.one,New,1,$22.99 ,$25.99 ,$0.00 ,$70.00 
.ong,New,1,$78.90 ,$88.49 ,$0.00 ,$110.00 
.onl,New,1,$22.99 ,$25.99 ,$0.00 ,$60.00 
.online,New,1,$2.99 ,$49.49 ,$0.00 ,$70.00 
.ooo,New,1,$33.99 ,$38.49 ,$0.00 ,$90.00 
.or.at,Austria,1,$33.99 ,$38.49 ,$0.00 ,$0.00 
.or.bi,Burundi,1,$112.00 ,$125.99 ,$0.00 ,$0.00 
.or.jp,Japan,1,$169.00 ,$189.99 ,$0.00 ,$99.50 
.org,Global,1,$14.99 ,$17.99 ,$0.00 ,$50.00 
.org.ag,Antigua and Barbuda,1,$78.90 ,$88.49 ,$0.00 ,$180.00 
.org.au,Australia,1,$12.95 ,$13.99 ,$0.00 ,$0.00 
.org.az,Azerbaijan,1,$446.00 ,$500.99 ,$110.00 ,$209.00 
.org.bz,Belize,1,$67.90 ,$76.49 ,$0.00 ,$120.00 
.org.cn,China,1,$73.90 ,$50.49 ,$0.00 ,$71.90 
.org.es,Spain,1,$13.99 ,$15.49 ,$0.00 ,$0.00 
.org.fj,Fiji,1,$296.00 ,$164.99 ,$110.00 ,$25.00 
.org.hk,Hong Kong,1,$67.90 ,$76.49 ,$0.00 ,$41.10 
.org.ht,Haiti,1,$110.00 ,$122.99 ,$13.60 ,$13.60 
.org.il,Israel,1,$24.99 ,$50.49 ,$0.00 ,$50.00 
.org.im,Isle of Man,1,$50.90 ,$56.99 ,$0.00 ,$0.00 
.org.in,India,1,$10.99 ,$12.49 ,$0.00 ,$23.90 
.org.ki,Kiribati,1,$259.00 ,$290.49 ,$0.00 ,$10.00 
.org.kz,Kazakhstan,1,$39.99 ,$44.49 ,$0.00 ,$0.00 
.org.lk,Sri Lanka,1,$33.99 ,$38.49 ,$0.00 ,$0.00 
.org.mg,Madagascar,1,$182.00 ,$203.99 ,$0.00 ,$10.00 
.org.ms,Montserrat,1,$80.90 ,$91.99 ,$0.00 ,$0.00 
.org.mt,Malta,1,$147.30 ,$102.99 ,$0.00 ,$34.30 
.org.my,Malaysia,1,$93.49 ,$87.49 ,$0.00 ,$69.99 
.org.na,Namibia,1,$735.00 ,$438.99 ,$0.00 ,$0.00 
.org.nz,New Zealand,1,$20.99 ,$23.99 ,$0.00 ,$3.90 
.org.pk,Pakistan,2,$197.80 ,$216.00 ,$0.00 ,$15.00 
.org.pl,Poland,1,$26.99 ,$38.49 ,$0.00 ,$0.00 
.org.pr,Puerto Rico,1,$167.00 ,$122.99 ,$0.00 ,$50.00 
.org.ps,Palestine,1,$100.90 ,$125.99 ,$0.00 ,$0.00 
.org.sb,Solomon Islands,1,$89.90 ,$100.99 ,$18.60 ,$18.60 
.org.sg,Singapore,1,$50.90 ,$56.99 ,$0.00 ,$22.00 
.org.ua,Ukraine,1,$22.99 ,$25.99 ,$0.00 ,$0.00 
.org.uk,United Kingdom,1,$7.99 ,$12.49 ,$0.00 ,$0.00 
.org.vc,Saint Vincent and the Grenadines,1,$72.90 ,$82.49 ,$0.00 ,$85.00 
.org.vn,Vietnam,1,$108.80 ,$100.99 ,$0.00 ,$0.00 
.org.za,South Africa,1,$18.99 ,$18.99 ,$0.00 ,$30.50 
.organic,New,1,$120.99 ,$135.99 ,$0.00 ,$60.00 
.osaka,New,1,$44.99 ,$50.49 ,$0.00 ,$70.00 
.pa,Panama,2,$338.00 ,$368.00 ,$0.00 ,$0.00 
.page,New,1,$19.99 ,$21.99 ,$0.00 ,$110.00 
.paris,New,1,$78.90 ,$88.49 ,$0.00 ,$52.60 
.partners,New,1,$83.99 ,$94.49 ,$0.00 ,$50.00 
.parts,New,1,$38.49 ,$42.99 ,$0.00 ,$50.00 
.party,New,1,$16.99 ,$18.99 ,$2.99 ,$60.00 
.pe,Peru,1,$89.90 ,$100.99 ,$0.00 ,$0.00 
.per.sg,Singapore,1,$0.00 ,$0.00 ,$0.00 ,$0.00 
.pet,New,1,$25.49 ,$28.49 ,$0.00 ,$50.00 
.ph,Philippines,1,$65.90 ,$74.49 ,$25.00 ,$0.00 
.phone.ki,Kiribati,1,$259.00 ,$290.49 ,$0.00 ,$10.00 
.photo,New,1,$42.49 ,$38.49 ,$0.00 ,$40.00 
.photography,New,1,$33.99 ,$37.49 ,$0.00 ,$50.00 
.photos,New,1,$38.49 ,$42.99 ,$0.00 ,$50.00 
.physio,New,1,$147.00 ,$164.99 ,$0.00 ,$50.00 
.pics,New,1,$36.49 ,$38.49 ,$0.00 ,$40.00 
.pictures,New,1,$18.99 ,$20.99 ,$0.00 ,$50.00 
.pink,New,1,$26.99 ,$29.99 ,$0.00 ,$50.00 
.pizza,New,1,$84.49 ,$94.99 ,$0.00 ,$50.00 
.pk,Pakistan,2,$213.99 ,$233.49 ,$0.00 ,$15.00 
.pl,Poland,1,$44.99 ,$61.99 ,$0.00 ,$0.00 
.place,New,1,$48.49 ,$54.49 ,$0.00 ,$50.00 
.plc.co.im,Isle of Man,1,$50.90 ,$56.99 ,$0.00 ,$0.00 
.plumbing,New,1,$73.49 ,$62.99 ,$0.00 ,$50.00 
.plus,New,1,$57.99 ,$50.49 ,$0.00 ,$50.00 
.pm,France,1,$34.49 ,$20.99 ,$14.99 ,$13.60 
.poker,New,1,$60.49 ,$67.99 ,$0.00 ,$50.00 
.porn,New,1,$116.49 ,$114.49 ,$0.00 ,$50.00 
.pp.az,Azerbaijan,1,$446.00 ,$500.99 ,$110.00 ,$214.00 
.pr,Puerto Rico,1,"$1,413.00 ","$1,584.49 ",$0.00 ,$110.00 
.press,New,1,$135.99 ,$126.99 ,$0.00 ,$70.00 
.pro,Global,1,$20.99 ,$23.99 ,$0.00 ,$50.00 
.pro.fj,Fiji,1,$296.00 ,$164.99 ,$110.00 ,$25.00 
.productions,New,1,$50.49 ,$56.99 ,$0.00 ,$50.00 
.promo,New,1,$24.49 ,$27.49 ,$0.00 ,$50.00 
.properties,New,1,$36.99 ,$41.49 ,$0.00 ,$50.00 
.property,New,1,$158.00 ,$177.49 ,$0.00 ,$40.00 
.protection,New,1,"$2,824.00 ","$3,166.49 ",$0.00 ,$0.00 
.ps,Palestine,1,$154.00 ,$125.99 ,$0.00 ,$0.00 
.pt,Portugal,1,$55.90 ,$62.99 ,$0.00 ,$0.00 
.pty-ltd.com,Global,1,$27.99 ,$31.99 ,$0.00 ,$10.00 
.pub,New,1,$36.99 ,$42.99 ,$0.00 ,$50.00 
.pw,New,1,$27.99 ,$31.99 ,$0.00 ,$0.00 
.qa,Qatar,1,$54.90 ,$61.99 ,$0.00 ,$0.00 
.qpon,New,1,$24.99 ,$25.99 ,$0.00 ,$55.00 
.quebec,New,1,$44.99 ,$50.49 ,$0.00 ,$85.30 
.quest,New,1,$18.99 ,$18.99 ,$0.00 ,$65.00 
.racing,New,1,$16.99 ,$18.99 ,$2.99 ,$50.00 
.radio,New,1,$338.00 ,$379.49 ,$0.00 ,$286.90 
.re,France,1,$16.99 ,$18.99 ,$14.99 ,$0.00 
.realestate,New,1,$112.00 ,$125.99 ,$0.00 ,$105.00 
.realty,New,1,$451.00 ,$505.99 ,$0.00 ,$310.00 
.recipes,New,1,$103.49 ,$88.49 ,$0.00 ,$50.00 
.red,New,1,$24.99 ,$27.99 ,$0.00 ,$50.00 
.rehab,New,1,$44.99 ,$50.49 ,$0.00 ,$50.00 
.reise,New,1,$169.00 ,$189.99 ,$0.00 ,$50.00 
.reisen,New,1,$33.99 ,$38.49 ,$0.00 ,$50.00 
.rent,New,1,$113.49 ,$114.49 ,$0.00 ,$260.00 
.rentals,New,1,$42.49 ,$38.49 ,$0.00 ,$50.00 
.repair,New,1,$44.99 ,$50.49 ,$0.00 ,$50.00 
.report,New,1,$36.49 ,$40.99 ,$0.00 ,$50.00 
.republican,New,1,$44.99 ,$50.49 ,$0.00 ,$50.00 
.rest,New,1,$55.90 ,$62.99 ,$0.00 ,$40.00 
.restaurant,New,1,$84.49 ,$94.99 ,$0.00 ,$50.00 
.review,New,1,$22.99 ,$25.99 ,$2.99 ,$50.00 
.reviews,New,1,$60.99 ,$66.49 ,$0.00 ,$50.00 
.rich,New,1,"$2,824.00 ","$3,166.49 ",$0.00 ,$360.00 
.rip,New,1,$36.49 ,$41.49 ,$0.00 ,$50.00 
.ro,Romania,1,$69.90 ,$71.99 ,$0.00 ,$0.00 
.rocks,New,1,$21.99 ,$25.49 ,$0.00 ,$50.00 
.rodeo,New,1,$62.99 ,$50.49 ,$0.00 ,$60.00 
.rs,Serbia,1,$89.90 ,$100.99 ,$0.00 ,$15.00 
.ru.com,Russian Federation,1,$209.99 ,$169.99 ,$0.00 ,$0.00 
.ruhr,New,1,$44.99 ,$50.49 ,$0.00 ,$161.40 
.run,New,1,$36.49 ,$40.99 ,$0.00 ,$50.00 
.rw,Rwanda,1,$403.00 ,$452.49 ,$0.00 ,$15.00 
.ryukyu,New,1,$14.99 ,$16.49 ,$0.00 ,$51.50 
.sa,Saudi Arabia,1,$332.00 ,$372.99 ,$96.30 ,$0.00 
.sa.com,Saudi Arabia,1,$452.49 ,$370.99 ,$0.00 ,$0.00 
.saarland,New,1,$36.99 ,$42.49 ,$0.00 ,$114.00 
.sale,New,1,$48.99 ,$54.99 ,$0.00 ,$50.00 
.salon,New,1,$59.99 ,$67.49 ,$49.99 ,$50.00 
.sarl,New,1,$48.49 ,$54.49 ,$0.00 ,$50.00 
.sb,Solomon Islands,1,$89.90 ,$100.99 ,$19.10 ,$34.10 
.sc,Seychelles,1,$112.00 ,$125.99 ,$0.00 ,$210.00 
.school,New,1,$44.99 ,$50.49 ,$0.00 ,$50.00 
.school.nz,New Zealand,1,$20.99 ,$23.99 ,$0.00 ,$3.90 
.schule,New,1,$42.49 ,$38.49 ,$0.00 ,$50.00 
.science,New,1,$16.99 ,$18.99 ,$5.00 ,$60.00 
.scot,New,1,$55.90 ,$62.99 ,$0.00 ,$271.80 
.se,Sweden,1,$55.99 ,$61.99 ,$0.00 ,$28.20 
.se.net,Sweden,1,$55.90 ,$62.99 ,$0.00 ,$0.00 
.security,New,1,"$2,824.00 ","$3,166.49 ",$0.00 ,$0.00 
.services,New,1,$50.49 ,$56.99 ,$0.00 ,$50.00 
.sex,New,1,$116.49 ,$114.49 ,$0.00 ,$60.00 
.sg,Singapore,1,$41.99 ,$46.49 ,$0.00 ,$22.00 
.sh,Saint Helena,1,$55.90 ,$100.99 ,$0.00 ,$0.00 
.shiksha,New,1,$22.99 ,$25.99 ,$0.00 ,$50.00 
.shoes,New,1,$59.99 ,$67.49 ,$0.00 ,$50.00 
.shop,New,1,$3.99 ,$49.49 ,$0.00 ,$130.00 
.shopping,New,1,$61.90 ,$69.99 ,$0.00 ,$50.00 
.show,New,1,$48.49 ,$54.49 ,$0.00 ,$50.00 
.si,Slovenia,1,$55.90 ,$62.99 ,$17.00 ,$62.00 
.singles,New,1,$44.99 ,$50.49 ,$0.00 ,$50.00 
.site,New,1,$33.99 ,$38.49 ,$0.00 ,$70.00 
.sk,Slovakia,1,$18.99 ,$62.99 ,$17.50 ,$0.00 
.ski,New,1,$57.49 ,$63.49 ,$44.99 ,$76.49 
.skin,New,1,$18.99 ,$18.99 ,$0.00 ,$65.00 
.sl,Sierra Leone,1,$112.00 ,$125.99 ,$0.00 ,$0.00 
.so,Somalia,1,$102.00 ,$114.49 ,$0.00 ,$30.00 
.soccer,New,1,$29.99 ,$33.99 ,$0.00 ,$50.00 
.social,New,1,$48.99 ,$54.99 ,$0.00 ,$50.00 
.software,New,1,$48.99 ,$54.99 ,$0.00 ,$50.00 
.solar,New,1,$61.49 ,$68.99 ,$0.00 ,$50.00 
.solutions,New,1,$27.49 ,$30.99 ,$0.00 ,$50.00 
.south.am,United States,1,$27.99 ,$31.99 ,$0.00 ,$11.00 
.soy,New,1,$44.99 ,$50.49 ,$0.00 ,$115.00 
.space,New,1,$26.99 ,$29.99 ,$0.00 ,$50.00 
.sport,New,1,$451.00 ,$505.99 ,$0.00 ,$40.00 
.st,Sao Tome and Principal,1,$78.90 ,$88.49 ,$0.00 ,$110.80 
.storage,New,1,$814.00 ,$500.00 ,$0.00 ,$0.00 
.store,New,1,$3.99 ,$99.99 ,$0.00 ,$110.00 
.stream,New,1,$16.99 ,$18.99 ,$2.99 ,$50.00 
.studio,New,1,$43.99 ,$38.49 ,$0.00 ,$50.00 
.study,New,1,$56.49 ,$50.49 ,$0.00 ,$60.00 
.style,New,1,$35.99 ,$40.49 ,$0.00 ,$50.00 
.sucks,New,1,$281.00 ,$315.49 ,$0.00 ,$40.00 
.supplies,New,1,$25.49 ,$40.99 ,$0.00 ,$50.00 
.supply,New,1,$38.49 ,$42.99 ,$0.00 ,$50.00 
.support,New,1,$38.49 ,$42.99 ,$0.00 ,$50.00 
.surf,New,1,$49.49 ,$50.49 ,$0.00 ,$60.00 
.surgery,New,1,$84.49 ,$94.99 ,$0.00 ,$50.00 
.sv,El Salvador,1,$168.00 ,$188.99 ,$15.00 ,$0.00 
.swiss,New,1,$226.00 ,$253.49 ,$0.00 ,$0.00 
.sx,Sint Maarten,1,$55.90 ,$62.99 ,$0.00 ,$79.00 
.sydney,New,1,$68.90 ,$77.49 ,$0.00 ,$79.60 
.systems,New,1,$41.49 ,$45.99 ,$0.00 ,$50.00 
.taipei,New,1,$22.99 ,$25.99 ,$0.00 ,$24.00 
.tattoo,New,1,$44.99 ,$50.49 ,$0.00 ,$40.00 
.tax,New,1,$83.99 ,$94.49 ,$0.00 ,$50.00 
.taxi,New,1,$84.49 ,$94.99 ,$0.00 ,$50.00 
.tc,Turks and Caicos Islands,1,$112.00 ,$125.99 ,$0.00 ,$360.00 
.team,New,1,$50.99 ,$57.49 ,$0.00 ,$50.00 
.tech,New,1,$8.88 ,$88.49 ,$0.00 ,$70.00 
.technology,New,1,$24.99 ,$27.99 ,$0.00 ,$50.00 
.tel,Global,1,$22.99 ,$25.99 ,$0.00 ,$50.00 
.tennis,New,1,$57.99 ,$65.49 ,$0.00 ,$50.00 
.tf,France,1,$32.29 ,$18.99 ,$14.99 ,$0.00 
.theater,New,1,$65.49 ,$94.99 ,$0.00 ,$50.00 
.theatre,New,1,$757.00 ,$949.99 ,$0.00 ,$0.00 
.tickets,New,1,$677.00 ,$759.49 ,$0.00 ,$50.00 
.tienda,New,1,$78.90 ,$88.49 ,$0.00 ,$50.00 
.tips,New,1,$27.99 ,$30.99 ,$0.00 ,$50.00 
.tires,New,1,$107.00 ,$120.99 ,$0.00 ,$50.00 
.tirol,New,1,$37.99 ,$62.99 ,$0.00 ,$50.90 
.tl,Timor Leste,1,$102.00 ,$62.99 ,$20.60 ,$14.30 
.tm,Turkmenistan,1,$489.00 ,$503.99 ,$0.00 ,$0.00 
.to,Tonga,2,$195.80 ,$214.00 ,$0.00 ,$0.00 
.today,New,1,$25.99 ,$28.99 ,$0.00 ,$50.00 
.tokyo,New,1,$29.99 ,$16.49 ,$0.00 ,$51.50 
.tools,New,1,$49.49 ,$55.49 ,$0.00 ,$50.00 
.top,New,1,$4.99 ,$38.49 ,$0.00 ,$55.60 
.tours,New,1,$84.49 ,$94.99 ,$0.00 ,$50.00 
.town,New,1,$50.99 ,$57.49 ,$0.00 ,$50.00 
.toys,New,1,$61.49 ,$68.99 ,$0.00 ,$50.00 
.trade,New,1,$16.99 ,$18.99 ,$2.99 ,$50.00 
.training,New,1,$38.49 ,$42.99 ,$0.00 ,$50.00 
.travel,Global,1,$177.49 ,$199.49 ,$98.20 ,$130.00 
.tt,Trinidad and Tobago,3,"$2,253.00 ","$2,001.00 ",$0.00 ,$0.00 
.tube,New,1,$36.99 ,$41.49 ,$30.00 ,$55.00 
.tv,Tuvalu,1,$54.90 ,$61.99 ,$0.00 ,$0.00 
.tv.br,Brazil,1,$67.90 ,$76.49 ,$0.00 ,$0.00 
.tv.tr,Turkey,1,$35.99 ,$41.49 ,$0.00 ,$15.00 
.tw,Taiwan,1,$44.99 ,$50.49 ,$26.80 ,$25.00 
.ua,Ukraine,1,$138.99 ,$126.99 ,$0.00 ,$65.60 
.ug,Uganda,2,$180.80 ,$141.80 ,$0.00 ,$15.00 
.uk,United Kingdom,1,$7.99 ,$12.49 ,$0.00 ,$0.00 
.uk.com,United Kingdom,1,$11.99 ,$62.99 ,$0.00 ,$0.00 
.uk.net,United Kingdom,1,$30.99 ,$62.99 ,$0.00 ,$0.00 
.university,New,1,$84.49 ,$94.99 ,$0.00 ,$50.00 
.uno,New,1,$22.99 ,$25.99 ,$0.00 ,$50.00 
.us,United States,1,$27.99 ,$30.99 ,$0.00 ,$50.00 
.us.com,United States,1,$25.99 ,$44.49 ,$0.00 ,$0.00 
.us.org,United States,1,$24.99 ,$44.49 ,$0.00 ,$0.00 
.uy,Uruguay,1,$113.00 ,$126.99 ,$0.00 ,$0.00 
.vacations,New,1,$48.99 ,$54.99 ,$0.00 ,$50.00 
.vc,Saint Vincent and the Grenadines,1,$84.90 ,$94.99 ,$35.00 ,$0.00 
.vegas,New,1,$89.90 ,$100.99 ,$0.00 ,$50.00 
.ventures,New,1,$85.49 ,$95.99 ,$0.00 ,$50.00 
.versicherung,New,1,$249.00 ,$316.49 ,$0.00 ,$416.00 
.vet,New,1,$48.49 ,$54.49 ,$0.00 ,$50.00 
.vg,Virgin Islands (British),1,$49.90 ,$51.49 ,$0.00 ,$0.00 
.viajes,New,1,$55.90 ,$88.49 ,$0.00 ,$50.00 
.video,New,1,$33.99 ,$38.49 ,$0.00 ,$50.00 
.villas,New,1,$94.99 ,$106.99 ,$0.00 ,$50.00 
.vin,New,1,$78.90 ,$88.49 ,$0.00 ,$50.00 
.vip,New,1,$37.49 ,$38.49 ,$0.00 ,$60.00 
.vision,New,1,$48.99 ,$54.99 ,$0.00 ,$50.00 
.vlaanderen,New,1,$55.90 ,$62.99 ,$0.00 ,$0.00 
.vn,Vietnam,1,$93.70 ,$99.99 ,$0.00 ,$0.00 
.vodka,New,1,$36.49 ,$38.49 ,$0.00 ,$60.00 
.vote,New,1,$120.99 ,$135.99 ,$0.00 ,$50.00 
.voting,New,1,"$1,130.00 ","$1,266.99 ",$0.00 ,$125.00 
.voto,New,1,$113.00 ,$126.99 ,$0.00 ,$50.00 
.voyage,New,1,$85.49 ,$95.99 ,$0.00 ,$50.00 
.vu,Vanuatu,1,$102.00 ,$114.49 ,$0.00 ,$0.00 
.wales,New,1,$32.99 ,$38.49 ,$0.00 ,$0.00 
.wang,New,1,$22.99 ,$25.99 ,$0.00 ,$45.00 
.watch,New,1,$48.49 ,$54.49 ,$0.00 ,$50.00 
.web.id,Indonesia,1,$33.99 ,$38.49 ,$0.00 ,$0.00 
.web.nf,Norfolk Island,1,$881.00 ,$367.99 ,$32.40 ,$32.40 
.web.pk,Pakistan,2,$197.80 ,$216.00 ,$0.00 ,$15.00 
.web.tr,Turkey,1,$35.99 ,$41.49 ,$0.00 ,$0.00 
.web.za,South Africa,1,$18.99 ,$18.99 ,$0.00 ,$30.50 
.webcam,New,1,$16.99 ,$18.99 ,$2.99 ,$50.00 
.website,New,1,$26.99 ,$29.99 ,$0.00 ,$50.00 
.wedding,New,1,$49.49 ,$50.49 ,$0.00 ,$60.00 
.wf,France,1,$32.29 ,$18.99 ,$14.99 ,$13.40 
.wien,New,1,$76.99 ,$71.99 ,$0.00 ,$0.00 
.wiki,New,1,$44.99 ,$50.49 ,$0.00 ,$55.00 
.win,New,1,$16.99 ,$18.99 ,$2.50 ,$50.00 
.wine,New,1,$85.49 ,$95.99 ,$0.00 ,$50.00 
.work,New,1,$9.49 ,$10.49 ,$0.00 ,$60.00 
.works,New,1,$48.99 ,$54.99 ,$0.00 ,$50.00 
.world,New,1,$33.99 ,$46.99 ,$0.00 ,$50.00 
.ws,Samoa,2,$79.98 ,$85.98 ,$0.00 ,$50.00 
.wtf,New,1,$49.49 ,$55.49 ,$0.00 ,$50.00 
.xxx,Global,1,$128.99 ,$126.99 ,$0.00 ,$60.00 
.xyz,New,1,$1.99 ,$14.49 ,$0.00 ,$60.00 
.yachts,New,1,$18.99 ,$18.99 ,$14.99 ,$70.00 
.yoga,New,1,$49.49 ,$50.49 ,$0.00 ,$60.00 
.yokohama,New,1,$33.99 ,$18.99 ,$0.00 ,$51.50 
.yt,France,1,$32.29 ,$18.99 ,$14.99 ,$0.00 
.za.com,South Africa,1,$452.49 ,$370.99 ,$0.00 ,$0.00 
.zone,New,1,$48.99 ,$54.99 ,$0.00 ,$50.00 
